song_id,song_name,song_author,song_file,bpm,Easy,Normal,Hard,Expert,ExpertPlus
aaj,Aaj,Bloodywood,song.ogg,180.0,Easy.dat,,,,
africatotometalcover,Africa - Toto (Metal Cover),"Leo Moracchioli, Rabea, Hannah",song.ogg,105.0,,,,,ExpertPlus.dat
afterlife,Afterlife,Avenged Sevenfold,song.ogg,220.0,Easy.dat,,,,
alerion,Alerion,Asking Alexandria,song.ogg,130.0,,NormalStandard.dat,HardStandard.dat,,ExpertPlusStandard.dat
alittlepieceofheaven,A Little Piece of Heaven,Avenged Sevenfold,song.ogg,144.98599243164062,,,,,
alleyesonmesongonly,All Eyes On Me (Song Only),Bo Burnham,song.ogg,117.0,,,HardStandard.dat,,
allfutures,ALL FUTURES,The Armed,song.ogg,117.0,,,,ExpertStandard.dat,
alliwant,All I Want,A Day To Remember,song.ogg,160.0,Easy.dat,,,,
allsoulsnight,All souls night,Triddana,song.ogg,160.0,Easy.dat,,,,
allstar,All Star,Smash Mouth,song.ogg,104.0,Easy.dat,,,,
allthesethingsthativedone,All These Things That Ive Done,The Killers,song.ogg,118.18299865722656,,,HardStandard.dat,,
amalfi,Amalfi,Engelwood & iamalex,song.ogg,122.0,Easy.dat,,,,
amishparadise,Amish Paradise,Weird Al Yankovic,song.ogg,82.0,Easy.dat,,,,
amongststars,Amongst Stars,Amorphis,AmongstStars.ogg,136.0,,,,,ExpertPlusStandard.dat
amongusdriptrapremix,Among Us Drip (Trap Remix),Leonz,song.ogg,90.0,Easy.dat,,,,
anarchyintheuk,Anarchy in the UK,Genesis Owusu,song.ogg,101.0,,,,ExpertStandard.dat,
angusmcfife,Angus McFife,GloryHammer,song.ogg,90.0,Easy.dat,Normal.dat,,,
animals,Animals,Nickelback,song.ogg,77.0,Easy.dat,Normal.dat,,,
anothermedium,Another Medium,Toby Fox,song.ogg,130.0,Easy.dat,,,,
anythingtonumb,Anything to Numb,Varials,song.ogg,158.0,Easy.dat,,,,
apunk,APunk,Vampire Weekend,song.ogg,175.0,,Normal.dat,Hard.dat,Expert.dat,
archangel,Archangel,Amaranthe,song.ogg,180.0,Easy.dat,,,,
armageddon,Armageddon,Battle Beast,song.ogg,156.0,Easy.dat,Normal.dat,,,
armyofthenight,Army of the Night,Powerwolf,song.ogg,172.0,,,,,ExpertPlusStandard.dat
arsonist,Arsonist,"Barely Alive, PhaseOne, Virus Syndicate",song.ogg,150.0,,,HardStandard.dat,ExpertStandard.dat,ExpertPlusStandard.dat
artifacter,Artifacter,,song.ogg,181.0,,,,,ExpertPlus.dat
asgore,ASGORE,Toby Fox,song.ogg,113.0,Easy.dat,,,,
ashenrain,Ashen Rain,Orden Ogan,song.ogg,205.0,Easy.dat,,,,
asitwas,As It Was,Harry Styles,song.ogg,174.0,,,HardStandard.dat,,ExpertPlusStandard.dat
assassinscreed,Assassin'S creed,Srod Almenara,song.ogg,123.0,Easy.dat,,,,
astronautintheoceancover,Astronaut In The Ocean (Cover),Our Last Night,song.ogg,150.0,Easy.dat,,,,
asylum,Asylum,Vended,song.ogg,140.0,,,HardStandard.dat,,
athletictheme,Athletic Theme,Super Mario World,song.ogg,159.0,,,,,ExpertPlus.dat
athleticthemepalversionsupermarioworld,Athletic Theme (PAL Version) - Super Mario World,SilvaGunner,song.ogg,79.0,Easy.dat,,,,
avousdiraijemaman,A vous dirai-je Maman,Les Patapons,song.ogg,68.0,Easy.dat,,,,
awaken,Awaken,Dethklok,song.ogg,190.0,Easy.dat,,,,
awholenewworldmetalcover,A whole new world (Metal Cover),D-Metal Stars,song.ogg,140.0,Easy.dat,,,,
awolfinmyheart,A Wolf In My Heart,Heidevolk,song.ogg,134.0,Easy.dat,Normal.dat,,,
aynalikemereceekrenremix,AYNALI KEMER (ECE EKREN REMIX),Barış Manço,song.ogg,100.0,Easy.dat,,,,
badapplefeatcristinavee,BAD APPLE!!      (Feat. Cristina Vee),RichaadEB,song.ogg,138.0,Easy.dat,Normal.dat,,,
badapplemetalcover,Bad Apple Metal Cover,RichaadEB,song.ogg,130.0,Easy.dat,,,,
bakamitai,Baka Mitai,Kazuma Kiryu,song.ogg,148.0,,Normal.dat,,,
baldr,Baldr,Corvus Corax,song.ogg,124.0,Easy.dat,,,,
bandito,Bandito,Twenty One Pilots,song.ogg,127.0,Easy.dat,,,,
barbarianism,Barbarianism,Ian Taylor,song.ogg,120.0,Easy.dat,,,,
barrenking,Barren King,Manntra,barren king manntra.ogg,204.0,Easy.dat,,,,
bastardsonofodin,Bastard Son of Odin,Battle Beast,song.ogg,160.0,,,,,ExpertPlusStandard.dat
battleagainstatrueherofromundertale,"Battle Against A True Hero (From ""Undertale"")",FalKKonE,song.ogg,150.0,Easy.dat,,,,
battleelitefour,Battle! (Elite Four),Junichi Masuda,song.ogg,106.5,Easy.dat,,,,
battleforeternity,Battle For Eternity,Gloryhammer,song.ogg,105.0,,,HardStandard.dat,ExpertStandard.dat,ExpertPlusStandard.dat
beastinblack,Beast in Black,Beast in Black,song.ogg,178.0,Easy.dat,Normal.dat,,,
beastofgevaudan,Beast of Gevaudan,Powerwolf,song.ogg,102.0,Easy.dat,,,,
beerformyhorses,Beer For My Horses,Toby Keith Ft Willie Nelson,song.ogg,119.04399871826172,,NormalStandard.dat,,ExpertStandard.dat,
beerussonggod,BEERUS SONG - God,Divide Music,song.ogg,75.0,Easy.dat,,,,
beforetheend,Before The End,Phoenix Down,song.ogg,95.0,Easy.dat,,,,
believe,Believe,Phoenix Down,song.ogg,130.0,Easy.dat,,,,
believeinyourself,Believe in yourself,阿部真央,song.ogg,171.0,Easy.dat,,,,
benzin,Benzin,Rammstein,benzin.ogg,142.0,,,,,ExpertPlusStandard.dat
beyondthedarksun,Beyond The Dark Sun,Wintersun,song.egg,180.0,,,,,ExpertPlusStandard.dat
bfgdivision,BFG Division,Mick Gordon,fullver.ogg,155.0,,,,ExpertStandard.dat,ExpertPlusStandard.dat
bfgdivisionshortver,BFG Division (Short Ver.),Mick Gordon,shortver.ogg,155.0,,,,ExpertStandard.dat,ExpertPlusStandard.dat
bidfarwell,Bid Farwell,KillSwitch Engage,song.ogg,240.0,Easy.dat,,,,
bigblastsonic,Big Blast Sonic,Daisuke Ishiwatari and Naoki Hashimoto,song.ogg,96.0,Easy.dat,,,,
bismarck,Bismarck,Sabaton,song.ogg,95.0,Easy.dat,,,,
bitchlasagna,Bitch Lasagna,Party in Backyard (ft. Pewdiepie),song.ogg,150.0,Easy.dat,,,,
biteyourteeth,Bite Your Teeth,Poppy,song.ogg,94.0,,,,ExpertStandard.dat,ExpertPlusStandard.dat
blackbetty,Black Betty,Caravan Palace,song.ogg,122.0,,,,,ExpertPlus.dat
blackmagic,Black Magic,Kill The Noise,song.ogg,172.0,,,,ExpertStandard.dat,ExpertPlusStandard.dat
blackrosesforthewickedones,Black Roses for the Wicked Ones,Elvenking,song.ogg,145.0,Easy.dat,,,,
blacksheep,Black Sheep,The Clash at Demonhead,song.ogg,124.0,,,,,ExpertPlusStandard.dat
blacktears,Black Tears,Edge of Sanity,song.ogg,90.0,Easy.dat,,,,
bleeditout,Bleed It Out,Linkin Park,song.ogg,141.0,Easy.dat,,,,
blend,Blend,Netsky,song.ogg,175.0,Easy.dat,,,,
blessedandpossessed,Blessed and Possessed,Powerwolf,song.ogg,194.0,Easy.dat,,,,
blindandfrozen,Blind and Frozen,Beast in Black,song.ogg,146.0,Easy.dat,,,,
blindfaith,Blind Faith,No Bragging Rights,song.ogg,155.0,Easy.dat,,,,
blindinglights,Blinding Lights,Feuerschwanz,song.ogg,170.0,Easy.dat,Normal.dat,,,
bloodforblood,Blood for Blood,POWERWOLF,song.ogg,126.0,Easy.dat,,,,
bloodofheroes,Blood of Heroes,Tyr,song.ogg,108.0,Easy.dat,,,,
bloodyunholychristmas,Bloody Unholy Christmas,Bloodsucking Zombies From Outer Space,song.ogg,121.0,,,,ExpertStandard.dat,
blowmeaway,Blow Me Away,Breaking Benjamin,BreakingBenjaminBlowMeAway.ogg,196.9199981689453,,,HardStandard.dat,ExpertStandard.dat,
bodysurfing,body  surfing,santana,song.ogg,142.0,Easy.dat,,,,
bonetrousle,Bonetrousle,Toby Fox,song.ogg,150.0,Easy.dat,,,,
boneyards,Boneyards,Parkway Drive,song.ogg,212.0,Easy.dat,,,,
bossofme,Boss of Me,They Might Be Giants,boss.ogg,100.63999938964844,,,,,ExpertPlusStandard.dat
bowdown,Bow Down,I Prevail,song.ogg,155.0,Easy.dat,,,,
braver,Braver,ZAQ,song.ogg,94.0,,,,,ExpertPlusStandard.dat
breakingthelaw,Breaking the Law,Judas Priest,song.ogg,164.0,Easy.dat,Normal.dat,,,
breakingthemirror,Breaking the Mirror,Fit For A King,song.ogg,93.0,Easy.dat,,,,
breakingthroughthebarriergenkaitoppa,Breaking Through The Barrier (Genkai Toppa),5150,song.ogg,180.0,Easy.dat,,,,
breakthecycle,Break The Cycle,For Today,song.ogg,135.0,Easy.dat,Normal.dat,,,
breakthewall,Break the Wall,DREAMCATCHER,wall.ogg,80.0,,,,ExpertStandard.dat,ExpertPlusStandard.dat
breakup,2004 Breakup,The Gentle Men,song.ogg,90.0,Easy.dat,,,,
breaveheart,breaveheart,ljudo,song.ogg,120.0,Easy.dat,,,,
brickhouseii,Brick House II,Commodores,song.ogg,108.0,Easy.dat,,,,
briefcaseno,Briefcase No. 1,Tartanic,song.ogg,106.0,Easy.dat,,,,
bringmetolife,bring me to life,Evanescence,song.ogg,129.0,Easy.dat,,,,
bubblegum,Bubble Gum,Circus-P,BubbleGum.ogg,155.0,,,,,ExpertPlusStandard.dat
buildourmachine,Build Our Machine,DaGames,song.ogg,130.0,,Normal.dat,,,
buriedalive,Buried Alive,One Desire,alive.ogg,205.0,,,,,ExpertPlusStandard.dat
burstygreedyspider,Bursty Greedy Spider,Konomi Suzuki,song.ogg,178.0,,,,,ExpertPlusStandard.dat
butterfly,Butterfly,Kmac2021,song.ogg,105.0,Easy.dat,,,,
byebyebeautiful,Bye Bye Beautiful,Nightwish,beautiful.ogg,148.0,,,,,ExpertPlusStandard.dat
callmelittlesunshine,Call Me Little Sunshine,Ghost,song.ogg,88.0,Easy.dat,Normal.dat,,,
cancan,Can-Can,Megaraptor,song.ogg,166.0,Easy.dat,Normal.dat,,,
candles,"100,000 Candles",Red City Radio,song.ogg,148.0,Easy.dat,,,,
cantdefeatairman,Can’t Defeat A irman,Team.ねこかん【猫】,song.ogg,200.0,Easy.dat,Normal.dat,,,
capehorn,Cape Horn,Celtica - Pipes Rock!,song.ogg,90.0,Easy.dat,,,,
cavalryinthousands,   Cavalry In Thousands,Tengger Cavalry,cavalry in thousands.ogg,192.0,Easy.dat,,,,
chainbreaker,Chain breaker,Brothers of metal,song.ogg,95.0,Easy.dat,,,,
changes,Changes,XXXTENTACION,song.ogg,130.0,Easy.dat,Normal.dat,,,
childrenoftheeldergod,Children of the Elder God,Old Gods of Asgard,song.ogg,95.0,Easy.dat,,,,
chiochiosan,Chio-Chio San,Carmen,song.ogg,124.0,Easy.dat,,,,
chip,Chip,The Real McKenzies,song.ogg,160.0,,,,,ExpertPlusStandard.dat
chopsuey,Chop Suey,System of a Down,song.ogg,127.0,,,Hard.dat,Expert.dat,ExpertPlus.dat
chopu,Chop U!,Manabu Namiki,song.ogg,170.15,Easy.dat,Normal.dat,,,
christmasevesarajevo,Christmas Eve (Sarajevo 12/24),Trans-Siberian Orchestra,song.ogg,62.1,Easy.dat,,,,
christmastruce,Christmas Truce,Sabaton,song.ogg,62.0,Easy.dat,,,,
cirice,Cirice,Ghost,song.ogg,90.0,Easy.dat,,,,
clinteastwood,Clint Eastwood,Phoenix Down,song.ogg,85.0,Easy.dat,,,,
coffin,Coffin,Life After Life,song.ogg,131.0,Easy.dat,,,,
coincidance,Coincidance,Handsome Dancer,song.ogg,130.0,Easy.dat,,,,
coldbelow,Cold Below,Warframe,song.ogg,280.0,Easy.dat,,,,
coliseum,Coliseum,Aria,song.ogg,125.0,Easy.dat,,,,
collapse,Collapse,After The Burial,song.ogg,154.0,Easy.dat,,,,
collectiveconsciousness,Collective Consciousness,Jamie Christoferson & Logan Mader (ft. Jimmy Gnecco),song.ogg,160.0,Easy.dat,Normal.dat,,,
comeoneileen,Come On Eileen,Dexys Midnight Runners,song.ogg,107.0,Easy.dat,,,,
confideinnoone,Confide in No One,Hatebreed,confide.ogg,141.80999755859375,,,,ExpertStandard.dat,ExpertPlusStandard.dat
configsys,CONFIG.SYS,MASTER BOOT RECORD,song.ogg,124.0,Easy.dat,,,,
congratulations,Congratulations!,Pewdiepie (ft. Roomie & Boyinaband),song.ogg,136.0,Easy.dat,,,,
copyrightbtchfeatsekai,Copyright B*tch (feat. SEKAI),Utsu-P,CopyrightBitch.ogg,190.0,,,,,ExpertPlusStandard.dat
core,CORE,Toby Fox,song.ogg,140.0,Easy.dat,,,,
countingstars,Counting Stars,OneRapublic,song.ogg,122.0,Easy.dat,,,,
crabrave,Crab Rave,RichaadEB,song.ogg,250.0,Easy.dat,,,,
creampiesempai,Creampie Sempai,KULAK LUBVI,song.ogg,200.0,Easy.dat,,,,
creativeexercisemariopaint,Creative Exercise - Mario Paint,SilvaGunner,song.ogg,131.8,Easy.dat,,,,
creep,Creep,Radiohead,song.ogg,96.0,Easy.dat,Normal.dat,Hard.dat,,
cryofachilles,Cry of Achilles,Alter Bridge,song.ogg,140.0,Easy.dat,Normal.dat,Hard.dat,,
crythunder,Cry Thunder,DragonForce,DragonForce  -  Cry Thunder.egg,130.0,,,,Expert.dat,
cthulhu,Cthulhu,Grailknights,song.ogg,96.0,Easy.dat,Normal.dat,,,
cuntcrusher,Cuntcrusher,Infant Annihilator,cuntcrusher.ogg,260.0,,,HardStandard.dat,ExpertStandard.dat,ExpertPlusStandard.dat
cutthecord,Cut the cord,Shinedown,song.ogg,177.815,,,,,
cybertrapvol,Cyber Trap Vol. 1,Eliminate,cybertrap.ogg,150.0,,,,,ExpertPlusStandard.dat
dadadadadadadadadada,DADADADADADADADADADA,Hige Driver,song.ogg,156.0,Easy.dat,,,,
dancinginthemoonlightjohnnylectroremix,Dancing In The Moonlight (Johnny Lectro Remix),King Harvest,song.ogg,123.0,Easy.dat,,,,
dancingwiththedead,Dancing With The Dead,Powerwolf,song.ogg,166.0,Easy.dat,Normal.dat,,,
dangerdanger,"Danger, Danger",Alan Schmuckler (My Little Pony: A New Generation),song.ogg,115.0,Easy.dat,,,,
dansinum,Í Dansinum,SKÁLD,song.ogg,160.0,,,Hard.dat,,
darkchestofwonder,Dark Chest of Wonder,Nightwish,song.ogg,95.0,Easy.dat,,,,
darkflag,Dark Flag,Phinehas,song.ogg,128.0,Easy.dat,,,,
daselftegebot,Das Elfte Gebot,Feuerschwanz,song.ogg,164.0,Easy.dat,,,,
dawnofvictory,Dawn of Victory,Rhapsody of Fire,song.ogg,190.0,Easy.dat,,,,
daydreambcmremix,Daydream (BCM Remix),RiraN,daydreambcm.ogg,160.0,,,,,ExpertPlusStandard.dat
deathmisfortuneandtheamanojaku,"Death, Misfortune, and the Amanojaku",MASA,song.ogg,160.0,Easy.dat,,,,
deathroll,Death Roll,Wage War,song.ogg,123.0,Easy.dat,,,,
decisivebattlehooh,Decisive Battle! Ho-oh!,Hito Ookami,song.ogg,180.0,Easy.dat,,,,
dedicatedlive,Dedicated ( Live),Parkway Drive,song.ogg,180.0,Easy.dat,,,,
deepinabyss,Deep in Abyss,"Riko (CV: Miyu Tomita), Reg (CV: Ise Mariya)",song.ogg,135.0,,,,,ExpertPlusStandard.dat
deepjungle,Deep Jungle,Yoko Shimomura,song.ogg,120.0,Easy.dat,,,,
defector,Defector,Muse,song.ogg,77.0,Easy.dat,,,,
defenceofmoscow,Defence of Moscow,Sabaton,song.ogg,110.0,Easy.dat,,,,
deify,Deify,Distubed,song.ogg,105.0,Easy.dat,Normal.dat,,,
deinefreundin,Deine Freundin,SDP,song.ogg,127.0,,,,,ExpertPlusStandard.dat
deleto,Deleto,Wolf & Bear,song.ogg,155.0,Easy.dat,Normal.dat,Hard.dat,,
demolisher,Demolisher,Slaughter To Prevail,song.ogg,200.0,Easy.dat,,,,
departure,departure!,GALNERYUS,departure!.ogg,146.0,,,,,ExpertPlusStandard.dat
derteufelhatdenschnapsgemacht,Der Teufel hat den Schnaps gemacht,Schandmaul,song.ogg,125.0,Easy.dat,,,,
derweiher,Der Weiher,Empyrium,song.ogg,100.0,EasyStandard.dat,,,,
desperadovespa,Desperado Vespa,LOOK MUM NO COMPUTER,song.ogg,100.0,Easy.dat,,,,
deusex,DeusEx,LittleV,song.ogg,120.0,Easy.dat,,,,
devilisaloser,Devil is a Loser,Lordi,devil.ogg,145.0,,,,ExpertStandard.dat,ExpertPlusStandard.dat
devilsisland,Devil's Island,Megadeth,devils3.ogg,74.5,,,,,ExpertPlusStandard.dat
devilsnevercry,Devils Never Cry,"Tetsuya Shibata, Capcom Sound Team",song.ogg,120.0,Easy.dat,,,,
devilsnevercryhrhmver,Devils Never Cry (HR/HM Ver.),Tetsuya Shibata (Devil May Cry 5 SE),song.ogg,150.0,Easy.dat,Normal.dat,Hard.dat,,
deviltrigger,Devil Trigger,Devil May Cry 5 OST,song.ogg,160.0,,,Hard.dat,Expert.dat,ExpertPlus.dat
dexter,Dexter,Hand Of Mercy,song.ogg,170.0,Easy.dat,,,,
diamondeyesinstrumental,Diamond Eyes (Instrumental),Deftones,song.ogg,130.0,Easy.dat,,,,
diebytheblade,Die by the blade,Beast in black,song.ogg,141.0,Easy.dat,,,,
diemfdie,Die MF Die,Dope,die.ogg,125.97799682617188,,,,ExpertStandard.dat,ExpertPlusStandard.dat
dig,Dig,Mudvayne,song.ogg,135.0,Easy.dat,,,,
diggydiggyhole,Diggy Diggy Hole,Wind Rose,diggy.ogg,125.0,,,,ExpertStandard.dat,ExpertPlusStandard.dat
dirtydisco,Dirty Disco,ZomBoy,song.ogg,120.0,,Normal.dat,,,
dirtylittleanimals,Dirty Little Animals,BONES UK,song.ogg,106.0,Easy.dat,,,,
discovision,DiscoVision,Anders Enger Jensen,song.ogg,119.0,Easy.dat,,,,
disorderrebirth,Disorder (Rebirth),RIOT,song.ogg,150.0,Easy.dat,,,,
disposableheroes,Disposable Heroes,Metallica,song.ogg,205.0,,,,ExpertStandard.dat,ExpertPlusStandard.dat
divadance,Diva Dance,The Fifth Element,song.ogg,120.0,Easy.dat,,,,
dna,島国DNA,打首獄門同好会,song.ogg,177.0,Easy.dat,,,,
domadagr,Domadagr,Danheim,song.ogg,103.0,Easy.dat,,,,
dontmesswithme,Don't Mess With Me,Brody Dalle,song.ogg,163.9810028076172,,,,ExpertStandard.dat,
doomsday,Doomsday,Architects,song.ogg,125.0,Easy.dat,,,,
downgradedesert,Downgrade Desert,Igorrr,Downgrade.ogg,110.0,,,,,ExpertPlusStandard.dat
downwiththesickness,Down With The Sickness,Disturbed,song.ogg,89.80006016604031,,,Hard.dat,Expert.dat,
doyouwannatasteit,Do You Wanna Taste It,Wig Wam,song.ogg,92.0,Easy.dat,,,,
dragonborn,Dragonborn,Headhunterz,dragonbornhh.ogg,150.0,,,,ExpertStandard.dat,ExpertPlusStandard.dat
dragonliesbleeding,Dragon Lies Bleeding,Hammerfall,DragonLiesBleeding.ogg,153.97999572753906,,NormalStandard.dat,,,
draugensmaelstrom,Draugen's Maelstrom,Elvenking,song.ogg,160.0,Easy.dat,,,,
dreamer,Dreamer,Voyager,dreamer.ogg,125.0,,,,,ExpertPlusStandard.dat
drink,Drink,AleStorm,song.ogg,160.0,Easy.dat,,,,
ducktales,DuckTales,Felicia Barton,song.ogg,91.5,,,,ExpertStandard.dat,
duelofthefatesstarwarsmetal,Duel of the Fates (Star Wars Metal),Megaraptor,song.ogg,158.0,Easy.dat,,,,
duhast,Du hast,Rammstein,song.ogg,125.0999984741211,,NormalStandard.dat,,ExpertStandard.dat,
dumainest,Dumaine St,Trombone Shorty,song.ogg,93.0,Easy.dat,Normal.dat,,,
dumdeedum,Dum Dee Dum,Keys N Krates,song.ogg,160.0,Easy.dat,,,,
earthwalker,Earthwalker,In Hearts Wake,song.ogg,120.0,Easy.dat,,,,
edamame,Edamame,bbno$ and Rich Brian,song.ogg,106.0,Easy.dat,,,,
einherjar,Einherjar,Danheim,song.ogg,114.0,Easy.dat,,,,
einherjr,Einherjr,Hulkoff,song.ogg,140.0,Easy.dat,,,,
elnano,El Nano,Melendi,song.ogg,118.05000305175781,,,,ExpertStandard.dat,
elorenezz,Elore Nezz,theGrenma,song.ogg,175.0,,,HardStandard.dat,ExpertStandard.dat,ExpertPlusStandard.dat
elsasprocessiontothecathedral,Elsa's Procession to the Cathedral,Richard Wagner,Elsa.ogg,100.0,EasyStandard.dat,,,,
emeraldsword,Emerald Sword,Rhapsody,song.ogg,180.0,,,,ExpertStandard.dat,
endofexistence,End of Existence,The Browning,song.ogg,156.0,Easy.dat,,,,
enemy,Enemy,Imagine Dragons,song.ogg,77.0,Easy.dat,,,,
enemyapproaching,Enemy Approaching,Toby Fox,song.ogg,91.5,Easy.dat,,,,
entersandman,Enter Sandman ,Metallica,song.ogg,124.0,Easy.dat,,,,
epidemicgirl,Epidemic Girl,X-Plorez,song.ogg,140.0,Easy.dat,Normal.dat,Hard.dat,,
etron,E-Tron,Ultra Vomit,etron.ogg,142.0,,,,ExpertStandard.dat,ExpertPlusStandard.dat
everlong,Everlong,Foo fighters,song.ogg,158.0,Easy.dat,,,,
everytimewetouch,Every Time We Touch,Jonathan Young,song.ogg,142.0,Easy.dat,Normal.dat,Hard.dat,,
expurgation,Expurgation,RozeBud,song.ogg,230.0,,Normal.dat,,,ExpertPlusStandard.dat
eyeless,Eyeless,Slipknot,eyeless.ogg,200.0,,,,,ExpertPlusStandard.dat
eyesonfire,Eyes On Fire ,blue Foundation (zeds Dead Remix),song.ogg,145.0,Easy.dat,,,,
facedown,Face Down,The Red Jumpsuit Apparatus,song.ogg,186.0,Easy.dat,,,,
falloutoflove,Fall Out of Love,Salem,song.ogg,195.0,Easy.dat,,,,
fallsofglory,Falls of Glory,BrunuhVille,song.ogg,100.0,Easy.dat,Normal.dat,,,
faradenza,Faradenza,Little Big,faradenza.ogg,142.0,,,HardStandard.dat,ExpertStandard.dat,ExpertPlusStandard.dat
farawayblues,Far Away Blues,Drockstore,song.ogg,189.0,,,,ExpertStandard.dat,ExpertPlusStandard.dat
feuerfrei,Feuer Frei!,Rammstein,feuer.ogg,190.18800354003906,,,,ExpertStandard.dat,ExpertPlusStandard.dat
fiestapagana,Fiesta Pagana,Mägo de Oz,song.ogg,136.0,,,,ExpertStandard.dat,
fimbulvetr,Fimbulvetr,SKALD,SKÁLD - Fimbulvet.ogg,200.0,Easy.dat,,,,
finaldestinationbrawl,Final Destination (Brawl),Nobou Uematsu,song.ogg,83.5,Easy.dat,,,,
finaleclipse,Final Eclipse,JYC Row,song.ogg,180.0,Easy.dat,,,,
finlandia,Finlandia,Jean Sibelius,Sibelius-Finlandia.ogg,100.0,EasyStandard.dat,,,,
firepower,Firepower,Judas Priest,song.ogg,95.0,Easy.dat,,,,
firesign,Firesign,Dyaznty,song.ogg,110.0,Easy.dat,,,,
firstoftheyearequinox,First of the Year (Equinox),Skrillex,equinox.ogg,145.0,,,,,ExpertPlusStandard.dat
flurries,Flurries,August Burns Red,song.ogg,111.5,Easy.dat,,,,
forestsnow,ForestSnow,NekomataMaster,song.ogg,126.0,Easy.dat,Normal.dat,,,
foreverwest,Forever West,Phinehas,forever.ogg,120.0,,,,,ExpertPlusStandard.dat
forwhomthebelltollscover,For Whom The Bell Tolls (Cover),Sabaton,for whom the bell tolls.ogg,116.0,Easy.dat,Normal.dat,,,
freepartyanimal,FreePartyAnimal,Radium,song.ogg,120.0,Easy.dat,,,,
friezasongbowdown, FRIEZA SONG - Bow Down,Divide Music,song.ogg,104.0,Easy.dat,,,,
frogbass,Frogbass,Snails,song.ogg,90.0,Easy.dat,Normal.dat,,,
fromundercovercaughtupinalovesong,From Under Cover (Caught Up In A Love Song),Foreground Eclipse,song.ogg,200.0,Easy.dat,Normal.dat,Hard.dat,,
frozenheart,Frozen Heart,Kristen-Anderson Lopez and Robert Lopez,song.ogg,120.0,Easy.dat,,,,
fuel,Fuel,Metallica,song.ogg,213.0,Easy.dat,Normal.dat,Hard.dat,,
gameofthronescover,Game of Thrones (Cover),Srod Almenara,song.ogg,170.0,Easy.dat,,,,
gatesofekrund,Gates of Ekrund,Wind Rose,song.ogg,120.0,Easy.dat,,,,
gaybar,Gay Bar,Electric Six,song.ogg,172.00059626873374,,,Hard.dat,Expert.dat,
genocidalhumanoidz,Genocidal Humanoidz,System Of A Down,genocidal.ogg,206.0,,,HardStandard.dat,ExpertStandard.dat,ExpertPlusStandard.dat
gerudovalley,Gerudo Valley,Machinae Supremacy,gerudo.ogg,120.0,Easy.dat,Normal.dat,,,
gerudovalleytheme,Gerudo Valley Theme,Zelda's Ocarina of time,song.ogg,120.0,Easy.dat,,,,
getexited,Get Exited,Hiroaki Tsutsumi,song.ogg,120.0,,,Hard.dat,Expert.dat,ExpertPlus.dat
getjinxed,Get Jinxed,League of Legends,song.ogg,90.0,Easy.dat,,,,
ghostbusters,Ghostbusters,Ray Parker Jr,song.ogg,115.5,,,HardStandard.dat,ExpertStandard.dat,ExpertPlusStandard.dat
ghostdivision,Ghost Division,Sabaton,song.ogg,176.0,Easy.dat,,,,
ghostofmarley,Ghost Of Marley,Majestica,song.ogg,140.0,Easy.dat,Normal.dat,Hard.dat,,
ghostwriter,Ghostwriter,RJD2,song.ogg,94.0,Easy.dat,,,,
giveitup,Give It Up,Knife Party,giveitup.ogg,87.0,,,,ExpertStandard.dat,ExpertPlusStandard.dat
gloryhammer,Gloryhammer,Gloryhammer,song.ogg,136.0,,,,ExpertStandard.dat,ExpertPlusStandard.dat
gloryofchristmas,Glory Of Christmas,Majestica,glory.ogg,105.0,,,,ExpertStandard.dat,ExpertPlusStandard.dat
glpembe,Gülpembe,Barış Manço,gulpembe.ogg,78.0,,,HardStandard.dat,ExpertStandard.dat,ExpertPlusStandard.dat
go,Go!,FLOW,song.ogg,134.0,,,HardStandard.dat,ExpertStandard.dat,
goat,G.O.A.T.,Polyphia,song.ogg,107.0,Easy.dat,Normal.dat,Hard.dat,,
gokusongpower,GOKU SONG - Power,Divide Music,song.ogg,190.0,Easy.dat,,,,
goodnightfairlady,"Goodnight, Fair Lady",Coheed and Cambria,song.ogg,143.0,Easy.dat,,,,
goose,Goose,Polyphia,goose.ogg,110.0,,,,ExpertStandard.dat,
gr,Grá,Wardruna,song.ogg,74.0,Easy.dat,,,,
gravityproof,Gravity Proof,Hearts & Hands,song.ogg,160.0,Easy.dat,,,,
greatwar,Great War,Sabaton,GreatWar.ogg,103.0,,,HardStandard.dat,,
grotti,Grotti,SKÁLD,grótti.ogg,180.0,Easy.dat,,,,
groundthemesupermariobros,Ground Theme (Super Mario Bros. 2,Koji Kondo,song.ogg,99.72,Easy.dat,,,,
grtti,Grótti,SKÁLD,song.ogg,90.0,Easy.dat,,,,
guardiansofasgaard,Guardians of Asgaard,Amon Amarth,asgaard.ogg,135.0,,,,ExpertStandard.dat,ExpertPlusStandard.dat
gunman,Gunman,Orden Ogan,song.ogg,175.0,Easy.dat,Normal.dat,,,
guns,Guns,Kawai Sprite,song.ogg,92.5,Easy.dat,,,,
guy,2019 Guy,The Gentle Men,song.ogg,81.0,Easy.dat,,,,
hailtotheking,Hail to the King,Avenged Sevenfold,song.ogg,118.0,,,HardStandard.dat,,
halothememjolnirmix,Halo Theme-Mjolnir Mix,Halo,song.ogg,195.0,Easy.dat,,,,
hangingon,Hanging On,KNOWER,hanging.ogg,116.0,,,,ExpertStandard.dat,ExpertPlusStandard.dat
hanipaganda,HANIPAGANDA,Akatsuki Records,HANIPAGANDA.ogg,181.0,,,,ExpertStandard.dat,ExpertPlusStandard.dat
happyplace,Happy Place,Slaydit,song.ogg,120.0,Easy.dat,,,,
hardrockhallelujah,Hard Rock Hallelujah,Lordi,hallelujah.ogg,123.0,,,,ExpertStandard.dat,ExpertPlusStandard.dat
hayvan,hayvan,hayko cepkin,song.ogg,120.0,Easy.dat,,,,
headswillroll,Heads Will Roll,Yeah Yeah Yeahs,song.ogg,132.0,Easy.dat,,,,
heartache,Heartache,Toby Fox,song.ogg,159.3,Easy.dat,,,,
heartbeatheartbreakcoverbyjenny,"Heartbeat, Heartbreak (Cover By Jenny)",Persona 4 ,song.ogg,100.0,Easy.dat,,,,
heartsburstintofire,Hearts Burst Into Fire,Bullet For My Valentine,song.ogg,180.0,Easy.dat,,,,
heartshapedbox,Heart Shaped Box,Nirvana,Heart Shaped Box.egg,99.69999694824219,,,HardStandard.dat,,
heartsonfire,Hearts On Fire,Hammerfall,song.ogg,91.0,Easy.dat,Normal.dat,Hard.dat,,
heathens,Heathens,Twenty One Pilots,song.ogg,90.0,Easy.dat,,,,
heavydirtysoul,HeavyDirtySoul,Twenty One Pilots,song.ogg,137.0,Easy.dat,Normal.dat,Hard.dat,,
heedingthecall,Heeding the Call,Hammerfall,heeding.ogg,138.0,,,,,ExpertPlusStandard.dat
heilheilsegen,Heil heil segen,MONO INC.,song.ogg,135.0,Easy.dat,,,,
heimdall,Heimdall,Saltatio Mortis,song.ogg,130.0,Easy.dat,,,,
hellfire,Hellfire,"Daisuke Ishiwatari, Naoki Hashimoto",song.ogg,138.0,Easy.dat,,,,
hellraiser,Hellraiser,Motorhead,song.ogg,98.0,Easy.dat,Normal.dat,,,
herrenderwinde,Herren Der Winde,Schandmaul,Herrn_der_Winde.ogg,109.738,Easy.dat,,,,
hesapirate,He's A Pirate,Pirates of the Caribbean,song.ogg,140.82000732421875,,,HardStandard.dat,ExpertStandard.dat,
higherground,Higher Ground,Rasmussen,song.ogg,82.0,Easy.dat,Normal.dat,Hard.dat,,
highwaytohell,Highway To Hell ,AC/DC,song.ogg,116.0,Easy.dat,,,,
hikarunara,Hikaru Nara,Goose House,song.ogg,80.0,Easy.dat,,,,
hittheroadjack,Hit The Road Jack,Wolfgang Lohr & Maskarade,song.ogg,124.0,Easy.dat,Normal.dat,,,
holdon,Hold On,All That Remains,song.ogg,125.0,Easy.dat,Normal.dat,,,
holiday,Holiday,Green Day,song.ogg,146.8,Easy.dat,,,,
holydiver,Holy Diver,Dio,song.ogg,92.0,Easy.dat,,,,
holythunderforce,Holy Thunderforce,Rhapsody,song.ogg,180.0,Easy.dat,,,,
horny,Horny,PiSk,horny.ogg,127.0,,,,ExpertStandard.dat,ExpertPlusStandard.dat
horthymikloskatonajavagyok,Horthy Miklos Katonaja Vagyok,Karpatia,song.ogg,150.0,,,,ExpertStandard.dat,ExpertPlusStandard.dat
howwillirestinpeaceifimburiedbyahighway,how will i rest in peace if i'm buried by a highway?//,KennyHoopla,song.ogg,159.7729949951172,,,,ExpertStandard.dat,
hush,Hush,Tool,song.ogg,167.0,Easy.dat,,,,
hypahypa,Hypa Hypa,Saltatio Mortis vs Eskimo Callboy,song.ogg,152.0,,,HardStandard.dat,ExpertStandard.dat,ExpertPlusStandard.dat
hypnodancer,Hypnodancer,Little Big,hypnodancer.ogg,142.0,,,HardStandard.dat,ExpertStandard.dat,ExpertPlusStandard.dat
iamtruth,I Am Truth,The Gentle Men,song.ogg,91.0,Easy.dat,,,,
ibelieveinathingcalledlove,I Believe In A Thing Called Love,The Darkness,song.ogg,128.0,Easy.dat,,,,
idejeelni,Ideje Elni,the Grenma,song.ogg,155.0,,,,,ExpertPlusStandard.dat
idigress,IDigress,BigWreck,song.ogg,134.0,,,,ExpertStandard.dat,
idontwannabeme,I Don't Wanna Be Me,Type O Negative,song.ogg,100.5469970703125,,,HardStandard.dat,ExpertStandard.dat,
ievanpolkka,Ievan Polkka,Korpiklaani,song.ogg,130.0,Easy.dat,,,,
ifiwere,If I Were,Nothing More,song.ogg,76.0,Easy.dat,,,,
ifyouwantpeaceprepareforwar,If You Want Peace... Prepare For War,Children of Bodom,peace.ogg,170.0,,,,,ExpertPlusStandard.dat
ignorance,Ignorance,Paramore,ignorance.ogg,171.0,,,,ExpertStandard.dat,ExpertPlusStandard.dat
illmakeamanoutofyoumetalcover,I ll make a man out of you - metal cover ,Dan vasc,song.ogg,113.0,Easy.dat,,,,
illuyanka,Illuyanka,PSYQUI,song.ogg,122.0,,,,ExpertStandard.dat,ExpertPlusStandard.dat
ilventodoro,il vento d'oro,Yugo Kanno           ,song.ogg,135.0,Easy.dat,,,,
immaculatetaste,Immaculate Taste,Engelwood,song.ogg,128.0,Easy.dat,,,,
immigrantsong,Immigrant Song,Led Zeppelin,song.ogg,112.8,Easy.dat,,,,
impossible,Impossible,Two Steps From Hell,song.ogg,120.0,,,,ExpertStandard.dat,
imposter,Imposter,Kmac2021,song.ogg,114.0,Easy.dat,,,,
imscum,I'm Scum,IDLES,song.ogg,115.77799987792969,,,HardStandard.dat,ExpertStandard.dat,
inbetween,In Between,Beartooth,song.ogg,128.0,Easy.dat,,,,
incenseandiron,Incense and Iron,Powerwolf,song.ogg,126.0,Easy.dat,,,,
indaclub,In Da Club,50 Cent,song.ogg,90.0,Easy.dat,,,,
inferno,Inferno,9mm Parabellum Bullet,song.ogg,195.0,Easy.dat,Normal.dat,Hard.dat,,
inismona,Inis Mona,Eluveitie,inis.ogg,107.0,,,,ExpertStandard.dat,
inmysworditrust,In My Sword I Trust,Ensiferum,sword.ogg,140.0,,,,,ExpertPlusStandard.dat
innominedeinostri,In Nomine Dei Nostri,Rotting Christ,song.ogg,174.0,EasyStandard.dat,,,,
insaneinthebrain,Insane In The Brain,Cypress Hill,song.ogg,105.0,Easy.dat,,,,
insideout,Inside Out,Eve 6,inside.ogg,175.8800048828125,,,,,ExpertPlusStandard.dat
insidethefire,Inside the Fire,Disturbed,song.ogg,94.0,Easy.dat,,,,
inspectorgadgetmetalcover,Inspector Gadget (metal cover),Leo Moracchioli,song.ogg,105.0,Easy.dat,,,,
inthenameofgoddeusvult,In The Name Of God (Deus Vult),Powerwolf,song.ogg,146.0,Easy.dat,,,,
intothemouthofhellwemarch,Into The Mouth Of Hell We March,Trivium,song.ogg,142.0,,,HardStandard.dat,ExpertStandard.dat,
introductions,Introductions,Go Ichinose,song.ogg,123.5,Easy.dat,,,,
introtheme,Intro Theme,Stargate SG1,song.ogg,141.0,Easy.dat,,,,
invadersmustdie,Invaders Must Die,The Prodigy,song.ogg,140.0,Easy.dat,,,,
inyourface,In Your Face,Children Of Bodom,song.ogg,115.0,,,,,
iron,Iron,Woodkid,song.ogg,130.0,Easy.dat,,,,
ithastobethisway,It Has To Be This Way,Jamie Christopherson,song.ogg,102.0,Easy.dat,Normal.dat,Hard.dat,,
itscoming,Its Coming,The Noxious Den,song.ogg,190.0,Easy.dat,,,,
itson,It's On!,Korn,song.ogg,182.0,Easy.dat,,,,
iwannabelikeyousimgretinaremix,I wanna be like you (Sim Gretina Remix),"Louis Prima, Phil Harris, Bruce Reitherman",song.ogg,110.0,Easy.dat,,,,
iwannabeyourslave,I wanna be your slave,Maneskin,song.ogg,120.0,Easy.dat,,,,
jambi,Jambi,Tool ,song.ogg,109.0,Easy.dat,,,,
jecollectionnedescanardsvivants,Je Collectionne Des Canards (Vivants),Ultra Vomit,canards.ogg,167.0,,,,ExpertStandard.dat,ExpertPlusStandard.dat
jekyllandhyde,Jekyll and Hyde,Five Finger Death Punch,song.ogg,155.002,Easy.dat,,,,
jennyofoldstones,Jenny of Oldstones,The Dark Side of the Moon,song.ogg,80.0,Easy.dat,Normal.dat,,,
jesuisunebaguette,Je suis une Baguette,Riadh x Luther (ft. tomo),baguette.ogg,128.0,,,,ExpertStandard.dat,ExpertPlusStandard.dat
jinglehell,Jingle Hell,Christopher Lee,song.ogg,110.0,Easy.dat,,,,
jingojungle,Jingo Jungle,AmaLee,song.ogg,130.0,,,HardStandard.dat,ExpertStandard.dat,ExpertPlusStandard.dat
jukeboxhero,JukeBox Hero,Foreigner,song.ogg,88.0,Easy.dat,,,,
jurahevinkuninkaat,Jurahevin Kuninkaat,Hevisaurus,JurahevinKuninkaat.ogg,179.98800659179688,,,HardStandard.dat,,
justadice,JUSTadICE,Seiko Oomori,song.ogg,185.0,,,,ExpertStandard.dat,ExpertPlusStandard.dat
justice,Justice,Remzcore,justice.ogg,200.0,,,,ExpertStandard.dat,ExpertPlusStandard.dat
justpretend,Just Pretend,Bad Omens,song.ogg,140.0,Easy.dat,,,,
justwhatineeded,Just What I Needed,The Cars,song.ogg,127.0,Easy.dat,,,,
kammthaar,Kammthaar,Ultra Vomit,kammthaar.ogg,134.0,,,,ExpertStandard.dat,ExpertPlusStandard.dat
karmanations,KARMANATIONS,Akatsuki Records,KARMANATIONS.ogg,192.0,,,,ExpertStandard.dat,ExpertPlusStandard.dat
kaunazdagaz,Kaunaz Dagaz,Brothers of Metal,song.ogg,147.0,Easy.dat,,,,
keelhauled,Keelhauled,Alestorm,song.ogg,220.0,,,HardStandard.dat,,
kidnapthesandyclaws,Kidnap The Sandy Claws,Korn,Kidnap The Sandy Claws.ogg,130.0,Easy.dat,Normal.dat,Hard.dat,,
killeverybody,Kill Everybody,Skrillex,killeverybody.ogg,127.0,,,,,ExpertPlusStandard.dat
killinginthename,Killing in the name ,Rage Against The Machine,song.ogg,120.0,Easy.dat,,,,
killingtimeexplicitcontent,Killing Time (Explicit Content),Hed P.E.,song.ogg,91.0,Easy.dat,Normal.dat,,,
kiminosei,Kimi No Sei,The Peggies,song.ogg,174.0,,,,Expert.dat,ExpertPlus.dat
king,KING,Shien Kageyama,song.ogg,165.0,Easy.dat,,,,
kingslayerftbabymetal,Kingslayer ft. BABYMETAL,Bring Me the Horizon,kingslayer.ogg,185.0,,,,ExpertStandard.dat,ExpertPlusStandard.dat
kitchenwithoutgunextendedmix,Kitchen Without Gun (Extended Mix),YouSeeKenny,song.ogg,160.0,Easy.dat,,,,
kokosoko,Koko Soko,Smile.dk,song.ogg,152.0,,,,,ExpertPlusStandard.dat
kreuzfeuer,Kreuzfeuer,Powerwolf,song.ogg,86.0,Easy.dat,,,,
kuchizukediamond,Kuchizuke Diamond,WEAVER,song.ogg,82.0,Easy.dat,,,,
kuuluilauluenkelten,Kuului Laulu Enkelten,Antti Railio,kuului_laulu_enkelten.ogg,115.0,Easy.dat,,,,
kyoranheykids,Kyoran Hey Kids!!,THE ORAL CIGARETTES,song.ogg,140.0,Easy.dat,,,,
kyouranheykids,Kyouran Hey Kids!!,THE ORAL CIGARETTES ,song.ogg,142.0,Easy.dat,,,,
labicheetlecharognard,La biche et le charognard,Tagada Jones,song.ogg,190.0,Easy.dat,,,,
laidtorest,Laid To Rest,Lamb of God,song.ogg,120.0,Easy.dat,,,,
landofconfusion,Land of confusion,Disturbed,song.ogg,115.0,Easy.dat,Normal.dat,,,
laydown,Lay Down,Priestess,song.ogg,123.0,Easy.dat,,,,
lechapiteaudessupplices,Le chapiteau des supplices ,MAGOYOND,song.ogg,190.0,Easy.dat,,,,
legendoftheastralhammer,Legend of the Astral Hammer,Gloryhammer,song.ogg,140.0,,,,,ExpertPlusStandard.dat
lepuddingalarsenic,Le Pudding a l'Arsenic,Magoyond,song.ogg,110.0,Easy.dat,,,,
lesjacky,Les Jacky,Remzcore x Darktek,jackytuning.egg,210.0,,,,ExpertStandard.dat,ExpertPlusStandard.dat
lesmoutons,Les Moutons,Matmatah,moutons.ogg,164.97999572753906,,,,ExpertStandard.dat,ExpertPlusStandard.dat
letsgo,Let's Go,The Cars,song.ogg,132.0,Easy.dat,,,,
lexplorateur,L'explorateur,Vaiana (Disney),song.ogg,98.0,Easy.dat,,,,
liebeszauber,Liebeszauber,Subway to Sally,Liebeszauber.ogg,176.29400634765625,,,,ExpertStandard.dat,
lifestylesoftherichfamous,Lifestyles of the Rich & Famous,Good Charlotte,song.ogg,106.24800109863281,,,HardStandard.dat,ExpertStandard.dat,ExpertPlusStandard.dat
liftmeup,Lift Me Up,Five Finger Death Punch,LiftMeUp.ogg,75.0,,,,,
light,Light,Polyphia,song.ogg,99.0,Easy.dat,Normal.dat,Hard.dat,,
lightwithasharpenededge,Light With a Sharpened Edge,The Used,song.ogg,125.0,Easy.dat,,,,
likeaweednaturallyasamatterofcourse,"Like a Weed, Naturally, as a Matter of Course","Naoki Hashimoto, Arc System Works",song.ogg,148.0,Easy.dat,Normal.dat,,,
links,Links 2 3 4,Rammstein,Links_2_3_4.ogg,130.1060028076172,,,,ExpertStandard.dat,
littlesister,Little Sister,Queens Of The Stone Age,song.ogg,157.0,,NormalStandard.dat,,ExpertStandard.dat,
livelearn,Live & Learn,Crush 40,song.ogg,86.0,Easy.dat,,,,
livingroombop,Living Room Bop,The Gooch Palms,song.ogg,171.0,,,HardStandard.dat,,
lnotheme,LnoTheme2,Hideki Taniuchi,song.ogg,267.0,Easy.dat,,,,
lofitimes,Lo-Fi Times,Doctrine Doctrine,LoFiTimes.ogg,135.0,,,,,ExpertPlusStandard.dat
lonedigger,Lone Digger,Caravan Palace,lonedigger.ogg,124.0,,,,,ExpertPlusStandard.dat
longlivedeath,Long Live Death,Unholy Night,song.ogg,114.98,Easy.dat,Normal.dat,,,
lordsofpowermet,Lords of Powermet,Feuerschwanz,song.ogg,190.0,Easy.dat,Normal.dat,,,
losingyou,Losing You,Dead By April,song.ogg,120.0,Easy.dat,Normal.dat,Hard.dat,,
lost,Lost ,Frank Ocean ,song.ogg,123.0,Easy.dat,,,,
lostchapter,Lost Chapter,Pentakill,song.ogg,270.0,Easy.dat,,,,
lostinechoes,Lost In Echoes,Caskets,song.ogg,150.085,Easy.dat,,,,
louder,Louder,XS Project,song.ogg,150.0,Easy.dat,,,,
lovemeforever,Love Me Forever,Motorhead,song.ogg,128.0,Easy.dat,,,,
lovemeloveyou,Love Me Love You,Mrs. Green Apple,song.ogg,130.0,Easy.dat,,,,
loveshacktriggerdevilmaycryvsthebs,Love Shack Trigger - Devil May Cry vs The B-52's,TripleQ ,song.ogg,80.0,Easy.dat,,,,
lovethesubhumanself,Love the Subhuman Self,"Daisuke Ishiwatari, AISHA, Jamison Boaz",song.ogg,138.0,Easy.dat,Normal.dat,,,
madeoutofnothingallthatiam,Made Out of Nothing (All That I Am),Coheed and Cambria,song.ogg,146.0,Easy.dat,,,,
madhatter,Mad Hatter,Avenged Sevenfold,song.ogg,150.0,Easy.dat,,,,
magnetictelephone,Magnetic Telephone,Alestorm ft. Lady Gaga,song.ogg,122.0,Easy.dat,,,,
mahouhatsudou,Mahou Hatsudou,Yasuharu Takanashi,mahouhatsudou.ogg,130.0,,,,ExpertStandard.dat,ExpertPlusStandard.dat
majestic,Majestic,Wax Fang,song.ogg,155.0,Easy.dat,,,,
makeeverythingok,Make Everything OK,From Ashes To New,song.ogg,140.0,Easy.dat,,,,
maniak,Maniak,Dagoba,maniak.ogg,117.0,,,,ExpertStandard.dat,ExpertPlusStandard.dat
manwithaplan,Man With a Plan,KORPIKLAANI,song.ogg,160.0,Easy.dat,,,,
marblemachine,Marble Machine,Wintergatan,song.ogg,159.0,,,HardStandard.dat,ExpertStandard.dat,ExpertPlusStandard.dat
marsthebringerofwar,"Mars, the Bringer of War",Gustav Holst,Mars.ogg,100.0,EasyStandard.dat,,,,
massiveaddictive,MASSIVE ADDICTIVE,Amaranthe,song.ogg,170.0,Easy.dat,,,,
masterofconfusion,Master of Confusion,Gamma Ray,song.ogg,98.0,Easy.dat,,,,
max,MAX 300,Ω,song.ogg,150.0,Easy.dat,,,,
maybe,Maybe,Machine Gun Kelly,song.ogg,176.0,Easy.dat,,,,
meadfromhell,Mead From Hell,Alestorm,song.ogg,190.0,Easy.dat,,,,
megalovania,MEGALOVANIA,Toby Fox,song.ogg,120.0,Easy.dat,,,,
megitsune,Megitsune,BABYMETAL,megitsune.ogg,142.0,,,,ExpertStandard.dat,ExpertPlusStandard.dat
meisterderminne,Meister der Minne,Feuerschwanz,song.ogg,135.0,Easy.dat,,,,
mementomori,Memento Mori,Feuerschwanz,song.ogg,170.0,Easy.dat,,,,
messengermessenger,"Messenger, Messenger",Fit for a King,song.ogg,135.0,Easy.dat,,,,
metalbrutejusticemode,Metal - Brute Justice Mode,THE PRIMALS,song.egg,170.00999450683594,,,,,ExpertPlusStandard.dat
metalcrusher,Metal Crusher,Toby Fox,song.ogg,116.0,Easy.dat,,,,
metaldivision,Metal Division,Mystic Prophecy,song.ogg,170.0,,,,,ExpertPlusStandard.dat
minigametheme,Mini-Game Theme 1,Tim Follin,song.ogg,112.7,Easy.dat,,,,
mirror,Mirror,IDER,song.ogg,82.0,EasyStandard.dat,,,,
mirrormirror,Mirror Mirror,Blind Guardian,song.ogg,178.0,Easy.dat,Normal.dat,,,
miserybusiness,Misery Business,Paramore,misery.ogg,173.0,,,,ExpertStandard.dat,ExpertPlusStandard.dat
missionarysdownfall,Missionary's Downfall,The Planet Smashers,song.ogg,168.0,Easy.dat,,,,
mobscene,mOBSCENE,Marilyn Manson,mobscene.ogg,130.0500030517578,,,,,ExpertPlusStandard.dat
moneymoneymoneymetalcover,Money money money (metal cover),ABBA (SWEDISH HITZ GOES METAL),song.ogg,120.0,Easy.dat,,,,
monochromedreams,Monochrome Dreams,Yoko Shimomura,song.ogg,88.0,Easy.dat,,,,
monster,Monster,Skillet,monster.ogg,135.0,,,,ExpertStandard.dat,
morebouncetheounce,More Bounce 2 the Ounce,Dilly Tha Dog,song.ogg,105.0,Easy.dat,Normal.dat,,,
morrigansfury,Morrigan's fury,Fenrir,song.ogg,155.0,Easy.dat,,,,
motherearth,Mother Earth,Within Temptation,song.ogg,140.0,,NormalStandard.dat,,ExpertStandard.dat,
movepiece,Move Piece,Tim Follin,song.ogg,99.0,Easy.dat,,,,
mrcrowley,Mr. Crowley,Ozzy Osbourne,song.ogg,85.5,Easy.dat,,,,
murmaider,Murmaider,Dethklok,song.ogg,152.0,Easy.dat,Normal.dat,Hard.dat,,
musundehiraiterasetsutomukuro,Musunde Hiraite Rasetsu to Mukuro   ,Hachi,song.ogg,170.0,Easy.dat,Normal.dat,,,
mutation,Mutation,Laur,mutation.ogg,310.0,,,,,ExpertPlusStandard.dat
muzikasefaremix,Muzika (Sefa Remix),Dr. Peacock,muzika.ogg,200.0,,,,ExpertStandard.dat,ExpertPlusStandard.dat
mybestfriendsgirlfriend,My Best Friends Girlfriend,The Cars,song.ogg,121.0,Easy.dat,,,,
myblood,My Blood,Twenty One PIlots,song.ogg,109.0,Easy.dat,,,,
mymothertoldme,My Mother Told Me,Saltatio Mortis,Saltatio Mortis - My mother told me.ogg,88.0,Easy.dat,,,,
myneckmyback,"My Neck, My Back",Richard Cheese ft Arius,song.ogg,150.0,,,,,ExpertPlusStandard.dat
mystery,MYSTERY,Turnstile,song.ogg,164.0,,,,ExpertStandard.dat,ExpertPlusStandard.dat
nakkawithiu,'낙하 (NAKKA) (with IU),AKMU,nakka.ogg,101.0,,,,,ExpertPlusStandard.dat
narcissisticcannibal,Narcissistic Cannibal,Korn(ft. Skrillex and Kill The Noise),song.ogg,174.0,Easy.dat,Normal.dat,,,
narkoman,Narkoman,Hard Bass School,song.ogg,150.0,,,HardStandard.dat,ExpertStandard.dat,ExpertPlusStandard.dat
naturalhigh,Natural High,Hammerfall,song.ogg,95.0,,,,,
nazikiller,Nazi Killer,Phoenix Down,song.ogg,165.0,Easy.dat,,,,
ndallthewaydisneycover,82nd all the way (Disney cover),Tommy Johansson,song.ogg,130.0,Easy.dat,,,,
necessarydiscrepancy,Necessary Discrepancy,"Daisuke Ishiwatari, AISHA, Naoki Hashimoto",song.ogg,110.0,Easy.dat,,,,
necromantic,Necromantic,Akatsuki Records,song.ogg,144.0,,,,ExpertStandard.dat,ExpertPlusStandard.dat
neonatalimpalionecrophiliation,Neonatalimpalionecrophiliation,Infant Annihilator,neonatalimpalionecrophiliation.ogg,400.0,EasyStandard.dat,NormalStandard.dat,,,ExpertPlusStandard.dat
neparlonspasdebruno,Ne parlons pas de Bruno,Encanto (Disney),song.ogg,103.0,Easy.dat,,,,
neverdiefthyrulewar,Never Die (ft. Hyrule War),Remzcore,never.ogg,200.0,,,,ExpertStandard.dat,ExpertPlusStandard.dat
nevergonnagiveyouup,Never Gonna Give You Up,Rick Astley,song.ogg,113.00009605008164,Easy.dat,,Hard.dat,,
newsagabegins,New Saga Begins,Rhapsody of Fire,song.ogg,320.0,Easy.dat,,,,
newtail,New Tail,How to Train Your Dragon,song.ogg,72.0,Easy.dat,,,,
nextcontestant,Next Contestant,Nickelback,song.ogg,87.0,Easy.dat,Normal.dat,,,
nightmare,Nightmare,Avenged Sevenfold,nightmare.ogg,130.0,,,,ExpertStandard.dat,ExpertPlusStandard.dat
nightsfall,Nights Fall,Descends 3,song.ogg,120.0,Easy.dat,,,,
nightwitches,Night Witches,Sabaton,song.ogg,192.0,Easy.dat,Normal.dat,,,
nincsenmindenrendben,Nincsen Minden Rendben,theGrenma,song.ogg,130.0,,,,ExpertStandard.dat,ExpertPlusStandard.dat
nipponmanju,Nippon Manju,Ladybaby,song.ogg,93.0,,,HardStandard.dat,ExpertStandard.dat,ExpertPlusStandard.dat
nofearforthesettingsun,No Fear For The Setting Sun,Amon Amarth,song.ogg,182.0,,,HardStandard.dat,,
nojusticenopeace,No Justice No Peace,Mr. Irish Bastard,njnp.ogg,100.0,,,HardStandard.dat,ExpertStandard.dat,ExpertPlusStandard.dat
nomore,No More,Disturbed,song.ogg,135.0,Easy.dat,Normal.dat,Hard.dat,,
northwestpassage,Northwest Passage,Unleash The Archers,song.ogg,140.0,,,,ExpertStandard.dat,
norupo,Norupo,Heilung,Norupo.ogg,160.0,,NormalStandard.dat,,,
notevenhalfwayup,Not Even Half Way Up,JT Music,song.ogg,108.0,Easy.dat,,,,
nothingleft,Nothing Left,"POORSTACY, Travis Barker",song.ogg,135.0,,,HardStandard.dat,,ExpertPlusStandard.dat
nothingmore,Nothing More,Phoenix Down,song.ogg,100.0,Easy.dat,,,,
nowyouveseentheebutcher,Now You've Seen Thee Butcher,Deftones,song.ogg,118.0,Easy.dat,Normal.dat,,,
oblivion,Oblivion,The Winery Dogs,song.ogg,132.0,Easy.dat,,,,
obsession,Obsession,The Gentle Men,song.ogg,120.0,Easy.dat,,,,
oceanplanet,Ocean Planet,Gojira,song.ogg,111.3,Easy.dat,,,,
odinn,Odinn,Skald,song.ogg,95.0,Easy.dat,,,,
ohmajinai,Oh! Majinai!,BABYMETAL,song.ogg,142.0,,,,ExpertStandard.dat,ExpertPlusStandard.dat
ohoh,Oh Oh,Sezen Aksu,song.ogg,104.0,Easy.dat,,,,
onceuponatime,Once Upon a Time,Toby Fox,song.ogg,131.0,Easy.dat,,,,
onemore,One More,Beartooth,song.ogg,134.0,Easy.dat,,,,
oneonefive,115 (One one five),Treyarch Sound,song.ogg,200.0,Easy.dat,,,,
onestepcloser,One Step Closer,Linkin Park,song.ogg,95.0,Easy.dat,Normal.dat,,,
onewingedangel,One Winged Angel,Nobuo Uematsu (FF7 OST),song.ogg,121.5,Easy.dat,,,,
opfer,Opfer,Eisregen,opfer.ogg,100.0,,NormalStandard.dat,,,
oshamascramble,Oshama Scramble!,t+pazolite,oshama.ogg,190.0,,,,ExpertStandard.dat,ExpertPlusStandard.dat
otherworld,Otherworld,Bill Muir/ FFX,song.ogg,140.0,,,,,ExpertPlusStandard.dat
outoftheblack,Out of The Black,Royal Blood,song.ogg,159.0,Easy.dat,,,,
outonthestreets,Out on the streets,Battle Beast,song.ogg,125.0,Easy.dat,,,,
painkiller,Painkiller,Judas Priest,song.ogg,120.0,,,,,ExpertPlusStandard.dat
paperhouse,Paper House,Patema,song.ogg,105.0,Easy.dat,Normal.dat,Hard.dat,,
paradisewarfare,Paradise Warfare,Carpenter Brut,song.ogg,162.0,Easy.dat,,,,
paralysis,Paralysis,Phoenix Down,song.ogg,120.0,Easy.dat,,,,
parpaing,Parpaing,Igorrr,parpaing.ogg,126.0,,,,,ExpertPlusStandard.dat
partywiththedevil,Party With The Devil,Attila,party.ogg,140.0,,,,ExpertStandard.dat,ExpertPlusStandard.dat
passanger,Passanger,Deftones,song.ogg,118.0,Easy.dat,,,,
perfectoblivion,Perfect Oblivion,The Gentle Men,song.ogg,115.0,Easy.dat,,,,
petitponey,Petit Poney,Dieudonné,poney.ogg,132.0,,,,,ExpertPlusStandard.dat
petsematary,Pet Sematary,Ramones,pet sematary.ogg,147.97,Easy.dat,Normal.dat,,,
phantomoftheopera,Phantom of the Opera,Nightwish,song.ogg,131.89,Easy.dat,,,,
physical,physical,Sershen&Zaritskaya,song.ogg,120.0,Easy.dat,,,,
piratedreams,Pirate Dreams,Drakum,song.ogg,165.0,Easy.dat,Normal.dat,,,
piratescorn,Pirate Scorn,Alestorm,song.ogg,145.0,Easy.dat,,,,
piratesofthecaribbean,Pirates Of The Caribbean,Epica,song.ogg,124.0,,,,ExpertStandard.dat,
playedalivethebongosong,Played-A-Live (The Bongo Song),Safri Duo,bong.ogg,138.0,,,,ExpertStandard.dat,ExpertPlusStandard.dat
poildecul,Poil De Cul,Ultra Vomit,poildecul.ogg,120.0,,,,ExpertStandard.dat,ExpertPlusStandard.dat
popcornmicrowavemix,Popcorn (Microwave Mix),The Boomtang Boys,popcorn.ogg,134.07000732421875,,,HardStandard.dat,ExpertStandard.dat,ExpertPlusStandard.dat
popstars,POP STARS,KDA,song.ogg,85.0,Easy.dat,,,,
poutine,Poutine,The Dreadnoughts,poutine.ogg,160.0,,,,ExpertStandard.dat,ExpertPlusStandard.dat
powersnake,Power Snake,Brothers of Metal,song.ogg,250.0,Easy.dat,,,,
powertrip,Power Trip,Chimaira,power.ogg,188.0,,,,ExpertStandard.dat,ExpertPlusStandard.dat
primovictoria,Primo Victoria,Sabaton,primo victoria.ogg,124.179,Easy.dat,Normal.dat,,,
princealialaddinmetalcover,Prince Ali (Aladdin)-METAL COVER,Jonathan Young,song.ogg,97.5,Easy.dat,Normal.dat,,,
prisonsong,Prison Song,System of a Down,prison.ogg,205.0,,,,ExpertStandard.dat,ExpertPlusStandard.dat
prophecyofragnark,Prophecy Of Ragnarök,Brothers of Metal,ragnarok.ogg,135.0,,,,ExpertStandard.dat,ExpertPlusStandard.dat
psychosocial,Psychosocial,Slipknot,psychosocial.ogg,135.0,,,,,ExpertPlusStandard.dat
pumpit,PUMP IT,Eskimo Callboy,song.ogg,174.0,Easy.dat,Normal.dat,,,
pussy,Pussy,Rammstein,song.ogg,135.0,EasyStandard.dat,,,,
pussyslayers, Pussy Slayers,KULAK LUBVI,song.ogg,120.0,Easy.dat,,,,
putyourbackintotheoar,Put Your Back Into The Oar,Amon Amarth,song.ogg,70.0,Easy.dat,,,,
pyratesbeware,Pyrates Beware,Brian Tyler,song.ogg,105.0,,,HardStandard.dat,ExpertStandard.dat,
quitebitterbeings,96 Quite Bitter Beings,CKY,song.ogg,98.0,Easy.dat,,,,
radiantgarden,Radiant Garden,Yoko Shimomura,song.ogg,150.0,Easy.dat,,,,
raisetheblackflag,Raise The Black Flag,Teminite,song.ogg,100.0,Easy.dat,,,,ExpertPlusStandard.dat
ramranch,Ram Ranch,Little V.,ramranch.ogg,170.0,,,,,ExpertPlusStandard.dat
rasputin,Rasputin,"Majestic, Boney M.",rasputin.ogg,128.0,,,HardStandard.dat,ExpertStandard.dat,ExpertPlusStandard.dat
raze,Raze,Exodus,raze.ogg,175.0,,,,,ExpertPlusStandard.dat
realize,REALIZE,Konomi Suzuki,song.ogg,206.0,Easy.dat,Normal.dat,Hard.dat,,
realtome,Real to Me,The Gentle Men,song.ogg,135.0,Easy.dat,,,,
rebirthing,Rebirthing,Skillet,song.ogg,88.0,Easy.dat,,,,
redlikerosespart,Red Like Roses Part 1,Jeff Williams/Casey Lee Williams,song.ogg,140.0,,,Hard.dat,Expert.dat,
redline,REDLINE,Virtual Riot,redline.ogg,140.0,,,,ExpertStandard.dat,ExpertPlusStandard.dat
redneck,Redneck,Lamb of God,song.ogg,131.0,Easy.dat,,,,
reflect,REFLECT,Gawr Gura,song.ogg,125.0,,,HardStandard.dat,ExpertStandard.dat,ExpertPlusStandard.dat
resistandbite,Resist and Bite,Sabaton,song.ogg,200.0,Easy.dat,,,,
restofme,Rest of Me,Newton Faulkner,song.ogg,87.0,Easy.dat,,,,
resurrectionbyerection,Resurrection By Erection,Powerwolf,PowerwolfResurrectionByErection.ogg,169.97999572753906,,,,ExpertStandard.dat,
retroday,Retro day,The Noxious Den,song.ogg,120.0,Easy.dat,,,,
revenge,Revenge,Captain Sparklez,song.ogg,120.0,Easy.dat,,,,
rideofthevalkyries,Ride of the Valkyries,Brothers of Metal,song.ogg,145.0,,,,ExpertStandard.dat,ExpertPlusStandard.dat
rightbackatitagain,Right back at it again,A Day to Remember,song.ogg,170.0,Easy.dat,,,,
righton,Right On,Galatic,song.ogg,142.0,Easy.dat,,,,
ripandtear,Rip and Tear,Mick Gordon,rnt.ogg,108.0,,,HardStandard.dat,ExpertStandard.dat,ExpertPlusStandard.dat
rollinggirl,rolling girl,driftcat,rolling girl.ogg,195.0,Easy.dat,Normal.dat,Hard.dat,,
romanticism,Romanticism,Mrs. Green Apple,song.ogg,125.504,Easy.dat,,,,
romeisfalling,Rome Is Falling,Civil War,song.ogg,156.0,Easy.dat,Normal.dat,,,
rope,Rope,Foo Fighters,song.ogg,138.0,Easy.dat,Normal.dat,,,
roses,Roses,Kawai Sprite,song.ogg,120.0,Easy.dat,,,,
ruins,Ruins,Toby Fox,song.ogg,92.0,Easy.dat,,,,
rulesofnature,Rules of Nature ,Jamie Christoferson (ft. Jason Miller),song.ogg,130.0,Easy.dat,Normal.dat,,,
rumnbass,Rum n' Bass,Boom Kitty,RUM.ogg,132.0,,,,ExpertStandard.dat,ExpertPlusStandard.dat
runar,Runar,Danheim,song.ogg,92.0,,,,ExpertStandard.dat,ExpertPlusStandard.dat
runboyrun,Run Boy Run,Woodkid,runboyrun.ogg,134.0,,,,,ExpertPlusStandard.dat
running,Running,ONLAP,song.ogg,95.0,Easy.dat,,,,
runtothehillsoriginalversion,Run to the Hills (Original Version),Iron Maiden,song.ogg,122.00031720082472,,,Hard.dat,Expert.dat,
sadbuttrue,Sad But True,The HU,song.ogg,89.0,Easy.dat,Normal.dat,,,
sandstorm,Sandstorm,Darude,song.ogg,136.3780059814453,,,HardStandard.dat,ExpertStandard.dat,ExpertPlusStandard.dat
satinpanties,Satin Panties,Kawai Sprite,song.ogg,110.0,Easy.dat,,,,
savage,Savage,Gideon,savage.ogg,112.5,,,,,ExpertPlusStandard.dat
sayonaraheaven,SayonaraHeaven(2),NekomataMaster,song.ogg,111.0,Easy.dat,Normal.dat,,,
scaryworld,Scary World,Night Club,song.ogg,102.0,Easy.dat,,,,
schreinachliebe,Schrei nach Liebe,Callejon,song.ogg,165.0,Easy.dat,,,,
schubsetanz,Schubsetanz,Feuerschwanz,song.egg,178.0,,,,ExpertPlusStandard.dat,
screamaimfire,Scream Aim Fire,Bullet For My Valentine,song.ogg,200.0,Easy.dat,,,,
scriptformyrequiem,Script For My Requiem,Blind Guardian,Script_Requiem.ogg,188.0,,,,,ExpertPlusStandard.dat
searchingconfidence,Searching Confidence,Dead In Existence,song.ogg,105.0,Easy.dat,,,,
seashantymedley,Sea  Shanty Medley,Home Free,song.ogg,120.0,Easy.dat,Normal.dat,,,
seeyou,See You!,"Kennyoung, YonKaGor",song.ogg,200.0,Easy.dat,,,,
seinfeldtheme,Seinfeld Theme,Jonathan Wolff,song.ogg,110.31,Easy.dat,,,,
semicharmedlife,Semi-Charmed Life,Third Eye Blind,thirdeye.ogg,102.02999877929688,,,,,ExpertPlusStandard.dat
sendmeanangel,Send me an angel,Zeromancer,song.ogg,130.0,Easy.dat,Normal.dat,,,
sennennokotowari,SennennoKotowari,NekomataMaster,song.ogg,153.0,Easy.dat,Normal.dat,Hard.dat,,
sevennationarmy,Seven Nation Army,Skald,song.ogg,122.0,Easy.dat,,,,
sevenpillarsofwisdom,Seven Pillars of Wisdom,Sabaton,song.ogg,152.0,Easy.dat,,,,
sevenspiritsinwhitecoats,Seven Spirits in White Coats,Nytt Land,Seven Spirits in White Coats-zazx8eAnRFk.ogg,140.0,Easy.dat,,,,
sezenaksu,Sezen Aksu,Unuttun mu beni,song.ogg,128.66,Easy.dat,,,,
shepherdoffire,Shepherd of Fire,Avenged Sevenfold,song.ogg,128.0,Easy.dat,,,,
shieldwallv,Shield Wall V2,Amon Amarth,ShieldWarAmonAmarth.ogg,130.0,,,,,ExpertPlusStandard.dat
shiroyama,Shiroyama,Sabaton,song.ogg,171.0,Easy.dat,,,,
shogun,Shogun,Trivium,song.ogg,140.0,,,,ExpertStandard.dat,
silverpaper,Silver Paper,Mountain,song.ogg,90.0,Easy.dat,,,,
sisterchristian,Sister Christian,Night Ranger,song.egg,177.512,,,,ExpertStandard.dat,ExpertPlusStandard.dat
sixpounder,Sixpounder,Children of Bodom,sixpounder.ogg,152.0,,,,,ExpertPlusStandard.dat
skibidi,Skibidi,Little Big,song.ogg,132.0,Easy.dat,,,,
skids,90s Kids,Jax,song.ogg,152.0,,,,ExpertStandard.dat,
skybreaker,Skybreaker,The Browning,song.ogg,145.0,Easy.dat,,,,
skylda,Skylda,Danheim,song.ogg,120.0,Easy.dat,,,,
skynut,Skynut,The Gentle Men,song.ogg,152.0,Easy.dat,,,,
skywiremenu,Skywire - Menu,Lee Nicklen,song.ogg,120.0,Easy.dat,,,,
sleepingsun,Sleeping Sun,Nightwish,sleepingsunvorbis.ogg,110.413,Easy.dat,,,,
smellofthegame,Smell of the Game,Naoki Hashimoto,song.ogg,103.0,,,,ExpertStandard.dat,
smellsliketeenspirit,Smells Like Teen Spirit,Nirvana,slts.ogg,117.0,,,,,ExpertPlusStandard.dat
smokiigoebaby,Smoki I Gołe Baby,Nocny Kochanek,smoki.ogg,180.0,,,,,ExpertPlusStandard.dat
soakmeinbleach,Soak Me In Bleach,The Amity Affliction,song.ogg,166.0,Easy.dat,,,,
soldierofarmies,Soldier of 3 armies,Sabaton,song.ogg,102.0,Easy.dat,,,,
somethinginyourmouth,Something in your mouth,Nickelback,song.ogg,129.0,Easy.dat,,,,
sometimesyourethehammersometimesyourethenail,"Sometimes You're The Hammer, Sometimes You're The Nail",A Day to Remember,song.ogg,158.0,Easy.dat,,,,
soundslikeballoons,Sounds Like Balloons,Biffy Clyro,song.ogg,142.0,Easy.dat,,,,
souslesapparences,Sous les apparences,Encanto (Disney),song.ogg,90.0,Easy.dat,,,,
south,South,Kawai Sprite,song.ogg,82.5,Easy.dat,,,,
southdakota,South Dakota,Jakey,song.ogg,141.0,Easy.dat,,,,
southtown,SouthTown,P.O.D,song.ogg,80.0,Easy.dat,,,,
soyezpretes,Soyez pretes,Magoyond,song.ogg,120.0,Easy.dat,,,,
spaceballs,Spaceballs,Majestica,song.ogg,127.0,Easy.dat,Normal.dat,,,
spaceman,Spaceman,Electric Callboy,song.ogg,159.0,Easy.dat,,,,
spearofjustice, Spear of Justice,Toby Fox,song.ogg,87.7,Easy.dat,,,,
speedwellpachpi,Speedwell (Pach pi),PLANTEC,song.ogg,143.0,Easy.dat,,,,
sports,Sports!,Tim & Eric,song.ogg,150.0,Easy.dat,,,,
spowokyowokypumpkinsong,SpOwOky OwOky Pumpkin Song,Senzawa,song.egg,154.0,,,,,ExpertPlus.dat
squarehammer,Square Hammer,Ghost,song.ogg,130.0,Easy.dat,,,,
squidgamedoittoitdblockstefanedit,Squid Game & Do It To It (D-Block & S-te-Fan edit),Acraze & 23,squid.ogg,150.0,,,,ExpertStandard.dat,ExpertPlusStandard.dat
stacysmom,Stacy's Mom,Fountains of Wayne,song.ogg,118.0,Easy.dat,,,,
stay,Stay,No Resolve,song.ogg,170.0,Easy.dat,,,,
staymyground,stay my ground,within temptation,song.ogg,120.0,Easy.dat,,,,
steamedhams,Steamed Hams,The Simpsons,song.ogg,160.0,Easy.dat,,,,
steelcommanders,Steel Commanders,Sabaton,SteelCommandersSabaton.ogg,174.0,,,HardStandard.dat,,
stillalive,Still Alive,GLaDOS,song.ogg,120.0,,,Hard.dat,Expert.dat,
stillcounting,Still Counting,Volbeat,song.ogg,98.0,Easy.dat,Normal.dat,Hard.dat,,
stillintoyou,Still Into You,Paramore,song.ogg,136.0,Easy.dat,,,,
stitch,Stitch,Wage War,song.ogg,150.0,Easy.dat,,,,
stopsayingwesoundlikedragonforce,Stop Saying We Sound Like Dragonforce,FRASER EDWARDS,stop.ogg,200.0,,,,ExpertStandard.dat,ExpertPlusStandard.dat
stormeagleremix,StormEagleRemix,MyNewSoundtrack,song.ogg,175.0,Easy.dat,,,,
storytime,Storytime,Nightwish,song.ogg,156.0,Easy.dat,,,,
straighttotheheart,Straight To The Heart,Battle Beast,song.ogg,164.0,Easy.dat,Normal.dat,Hard.dat,,
stranded,Stranded,Gojira,song.ogg,184.0,Easy.dat,,,,
stress,Stress,Kawai Sprite,song.ogg,89.0,Easy.dat,,,,
sturmnacht,Sturmnacht,Schandmaul,song.ogg,86.0,Easy.dat,Normal.dat,Hard.dat,,
supergorenest,Super Gore Nest,Mick Gordon,song.ogg,108.0,Easy.dat,Normal.dat,Hard.dat,,
supervillains,Supervillains,Tim Ismag,song.ogg,140.0,,,,,ExpertPlusStandard.dat
surfacepressure,Surface Pressure,Encanto (Disney),song.ogg,90.0,Easy.dat,,,,
svanrand,Svanrand,Heilung,song.ogg,91.0,Easy.dat,,,,
swagbagftguthriegovan,Swag Bag (ft. Guthrie Govan),The Young Punx,swagbag.ogg,124.0,,,,ExpertStandard.dat,ExpertPlusStandard.dat
swedishpagans,Swedish Pagans,Sabaton,songCut.egg,135.0,,,HardStandard.dat,ExpertStandard.dat,ExpertPlusStandard.dat
sweettooth,Sweet Tooth,Intervals,song.ogg,158.0,,,,,ExpertPlusStandard.dat
sweettruelies,Sweet true lies,Beast in black,song.ogg,136.0,Easy.dat,,,,
sweetvictory,Sweet Victory,David Glen Eisley,song.ogg,122.0,Easy.dat,,,,
symphonyofdestruction,Symphony Of Destruction,Megadeth,song.ogg,140.0,Easy.dat,,,,
tacos,TACOS,Little Big,song.ogg,115.0,Easy.dat,,,,
takealookaround,Take a look around,limp Bizkit,song.ogg,103.0,Easy.dat,,,,
takeonme,Take On Me,A-ha,take.ogg,169.0,,,,,ExpertPlusStandard.dat
tarantula,Tarantula,Pedulum,song.ogg,87.0,Easy.dat,,,,
teardrops,Teardrops,Bring Me the Horizon,teardrops.ogg,192.0,,,,,ExpertPlusStandard.dat
teenagers,Teenagers,My Chemical Romance,song.ogg,113.0,Easy.dat,,,,
terminatorsong,Terminator Song,Kafziel,song.ogg,120.0,Easy.dat,,,,
testdrive,Test Drive,How to Train Your Dragon,song.ogg,56.0,Easy.dat,,,,
tetristheme,Tetris 99 Theme,Nintendo,song.ogg,140.0,Easy.dat,,,,
thatswhatyouget,That's What You Get,Paramore,song.ogg,132.0,Easy.dat,,,,
thbornson,7th Born Son,Blues Saraceno,song.ogg,135.0,Easy.dat,,,,
thebittertruth,The Bitter Truth,Breakaway,song.ogg,79.0,Easy.dat,,,,
thebleeding,The Bleeding,Five Finger Death Punch,song.ogg,160.0,Easy.dat,,,,
thechariot,The Chariot,Æther Realm,song.ogg,132.0,Easy.dat,,,,
thedeepandthedark,The deep and the dark,Vision of Atlantis,song.ogg,82.5,Easy.dat,,,,
thedownfallofusall,The Downfall of Us All,A Day To Remember,song.ogg,130.0,Easy.dat,,,,
thedragonborncomes,The Dragonborn Comes,Saltatio Mortis & Lara Loft,song.ogg,184.0,Easy.dat,,,,
thedrunk,The Drunk,Kiltro,drunk.ogg,144.0,,,,,ExpertPlusStandard.dat
theendofheartache,The End of Heartache,Killswitch Engage,song.ogg,124.0,Easy.dat,,,,
thefinalcountdowncover,The Final Countdown (Cover),Vision Divine,song.ogg,117.52200317382812,,,,,
TheGentleMenBreakup,2004 Breakup,The Gentle Men,song.ogg,90.0,Easy.dat,,,,
thegreatdivide,The Great Divide,Anti Flag,song2.ogg,208.0,,,,ExpertStandard.dat,
thegrudge,The Grudge,Tool,song.ogg,96.0,Easy.dat,,,,
thehauntingsomewhereintime,The Haunting (Somewhere In Time),Kamelot,song.ogg,120.0,Easy.dat,Normal.dat,,,
thehellsong,The Hell Song,Sum 41,song.ogg,173.0,Easy.dat,,,,
thehorrorandthewild,The Horror and the Wild,The Amazing Devil,song.ogg,193.0,Easy.dat,Normal.dat,,,
thelastbattle,The Last Battle,Sabaton,song.ogg,136.0,Easy.dat,,,,
thelastmohican,the Last mohican,Bifaroni,song.ogg,120.0,Easy.dat,,,,
thelaststand,The Last Stand,Sabaton,song.ogg,104.0,Easy.dat,Normal.dat,,,
theliarsclub,The Liars Club,Coheed and Cambria,song.ogg,166.0,Easy.dat,,,,
thelobbyist,The Lobbyist ,Lettuce,song.ogg,198.0,Easy.dat,Normal.dat,,,
themarchofthevarangianguard,The March of the Varangian Guard,Turisas,song.ogg,125.0,Easy.dat,,,,
thememoryremains,The Memory Remains,Metallica,song.ogg,144.0,Easy.dat,,,,
themeoflaura,Theme Of Laura,Akira Yamaoka,themeoflaura.ogg,102.0,,,HardStandard.dat,ExpertStandard.dat,ExpertPlusStandard.dat
thenumberofthebeastoriginalversion,The Number of the Beast (Original Version),Iron Maiden,song.ogg,198.60052827740523,,,Hard.dat,Expert.dat,
theonly,The Only,Static-X,song.ogg,105.0,Easy.dat,Normal.dat,,,
theonlythingiknowforreal,The Only Thing I Know For Real,Jamie Christoferson & Logan Mader (ft. Tyson Yen),song.ogg,145.0,Easy.dat,,,,
theonlythingtheyfearisyou,The Only Thing They Fear Is You,Mick Gordon,song.ogg,103.0,Easy.dat,,,,
theoutsider,The Outsider,Black Veil Brides,song.ogg,93.0,Easy.dat,Normal.dat,,,
thepastisdead,The Past is Dead,Beartooth,song.ogg,145.0,Easy.dat,,,,
thephantombelow,The Phantom Below,Moron Police,song.ogg,177.0,Easy.dat,,,,
thepot,The Pot,Tool,song.ogg,106.0,Easy.dat,,,,
thepretender,The Pretender,Foo Fighters,song.ogg,173.0,Easy.dat,Normal.dat,Hard.dat,,
thepulseoftheheart,The Pulse Of The Heart,In Victory,song.ogg,175.0,Easy.dat,,,,
thereturn,The Return,Mongol,song.ogg,130.0,Easy.dat,Normal.dat,,,
theriver,The River,Wage War,song.ogg,145.0,Easy.dat,,,,
therumbling,The Rumbling,SiM,song.ogg,145.0,Easy.dat,,,,
theseasonsuponus,The season's upon us,Dropkick Murphys,song.ogg,87.0,Easy.dat,,,,
thesedays,These Days,Foo Fighters,song.ogg,135.0,Easy.dat,,,,
thesevendeadlysins,The Seven Deadly Sins,Flogging Molly,the_seven_deadly_sins.ogg,159.976,Easy.dat,Normal.dat,,,
thestainsoftime,The Stains of Time ,Jamie Christoferson & Logan Mader (ft. Kit Walters),song.ogg,200.0,Easy.dat,Normal.dat,,,
thesuffering,The Suffering,Coheed and Cambria,song.ogg,157.0,Easy.dat,,,,
thetidesoftime,The Tides of Time,Phoenix Down,song.ogg,140.0,Easy.dat,,,,
thetitletrack,TheTitleTrack,Origami Angel,TheTitleTrack.ogg,190.0,,,HardStandard.dat,,
thetop,The Top,Ken Blast,song.ogg,160.0,Easy.dat,,,,
thetower,The Tower,Æther Realm,song.ogg,115.0,Easy.dat,,,,
thetrooper,The Trooper,Iron Maiden,song.ogg,120.0,Easy.dat,Normal.dat,,,
theunicorninvasionofdundee,The Unicorn Invasion Of Dundee,Gloryhammer,song.egg,180.0,,,,Expert.dat,ExpertPlus.dat
theunveiling,The Unveiling,Dimmu Borgir,The Unveiling   Dimmu Borgir.ogg,130.01699829101562,Easy.dat,,,,
thewarlockstrail,The Warlock's Trail,BloodBound,song.ogg,130.0,Easy.dat,,,,
thiscouldbeanywhereintheworld,This Could Be Anywhere In The World,Alexisonfire,song.ogg,124.0,Easy.dat,,,,
thisisgallifreyourchildhoodourhome,This is Gallifrey: Our Childhood. Our Home,Murray Gold (Dr Who),song.ogg,120.0,Easy.dat,,,,
thissideofparadise,This Side Of Paradise,Coyote Theory,song.ogg,158.01699829101562,,,,,ExpertPlusStandard.dat
thomastrain,Thomas Train,"Thomas, I guess??",song.ogg,100.0,Easy.dat,,,,
thorsuperhd,THOR SUPERHD,Pascu y Rodri,song.ogg,140.0,,,,,ExpertPlusStandard.dat
thosewhofightfurther,Those Who Fight Further,Nobou Uematsu,song.ogg,90.0,Easy.dat,,,,
thriller,Thriller,Michael Jackson,song.ogg,120.0,Easy.dat,,,,
throughthefireandflames,ThroughTheFireAndFlames,DragonForce,song.ogg,199.98500061035156,,,,,ExpertPlusStandard.dat
thundercrack,Thundercrack,Iron Attack!,song.ogg,190.0,Easy.dat,Normal.dat,Hard.dat,,
thunderhorse,Thunderhorse,Dethklok,thunderhorse.ogg,92.0,,,HardStandard.dat,ExpertStandard.dat,ExpertPlusStandard.dat
timeisup,Time Is Up,Poppy,song.ogg,212.01,,,,,
timetosaygoodbyeftcaseyleewilliams,Time To Say Goodbye (ft. Casey Lee Williams),Jeff Williams,song.ogg,250,,,,Expert.dat,ExpertPlus.dat
tinnitusdance,Tinnitus Dance,Everhood OST,07. Tinnitus Dance.ogg,120.0,Easy.dat,,,,
titlescreen,Title Screen,Tim Follin,song.ogg,128.5,Easy.dat,,,,
tobeloved,To Be Loved,Papa Roach,loved.ogg,192,,,,,ExpertPlusStandard.dat
toccata,Toccata,OVERWERK,song.ogg,128.0,Easy.dat,,,,
tonarinototoro,Tonari no totoro,My neighbor Totoro,song.ogg,119,Easy.dat,,,,
tossacointoyourwitcher,Toss a Coin To Your Witcher,Skar,witcher.ogg,105,,,HardStandard.dat,ExpertStandard.dat,ExpertPlusStandard.dat
transforming,transforming,Umamusume,song.ogg,136.0,Easy.dat,,,,
trappedunderice,Trapped Under Ice,Metallica,song.ogg,161.0,Easy.dat,,,,
traversetown,Traverse Town,Yoko Shimomura,song.ogg,112.0,Easy.dat,,,,
trayus,Trayus,Skyharbor,song.ogg,120.0,Easy.dat,Normal.dat,,,
tribute,Tribute,Tenacious D,song.ogg,85,,,,,ExpertPlusStandard.dat
triptovalhalla,Trip to Valhalla,Dr. Peacock,valhalla.ogg,200,,,,ExpertStandard.dat,ExpertPlusStandard.dat
trogdor,Trogdor,Strong Bad,song.ogg,130.5,Easy.dat,,,,
truefriends,True Friends,Bring Me The Horizon,song.ogg,160.0,Easy.dat,,,,
truesurvivor,True Survivor,David Hasselhoff,truesurvivor.ogg,149,,,,ExpertStandard.dat,ExpertPlusStandard.dat
tsunami,Tsunami,Finana Ryugu,song.ogg,130.0,Easy.dat,,,,
turiipantarhei,TuriiPantaRhei,Zektbach,song.ogg,148.0,Easy.dat,Normal.dat,Hard.dat,,
turnaround,Turn Around,Phats & Small,song.ogg,132.0,Easy.dat,,,,
twilightofthethundergod,Twilight Of The Thunder God,Amon Amarth,song.ogg,96.0,Easy.dat,,,,
twinskies,Twin Skies,Kotori & Synthion,TwinSkies.ogg,150,,,,,ExpertPlusStandard.dat
twoprinces,Two Princes,Spin Doctors,spin.ogg,104,,,,,ExpertPlusStandard.dat
twoweeks,Two weeks,All That Remains,song.ogg,112.0,Easy.dat,,,,
ugh,Ugh,Kawai Sprite,song.ogg,160.0,Easy.dat,,,,
ulfhednar,Ulfhednar,Danheim,song.ogg,105.0,Easy.dat,,,,
ultimanocte,Ultima Nocte,Feuerschwanz,song.ogg,144.0,Easy.dat,,,,
umapyoidensetsu,Umapyoi Densetsu,Umamusume,song.ogg,170.0,Easy.dat,,,,
unaliveshortedit,UnAlive (Short Edit),Mori Calliope,UnAliveShortEdit.ogg,180,Easy.dat,Normal.dat,,,
underblackflagswemarch,Under Black Flags We March,Arch Enemy,song.ogg,190,,,,ExpertStandard.dat,ExpertPlusStandard.dat
uno,Uno,Little Big,song.ogg,142.0,Easy.dat,,,,
untotimdrachenboot,Untot im Drachenboot,Feuerschwanz,song.ogg,165.0,Easy.dat,,,,
uprising,Uprising,Muse,song.ogg,128,,NormalStandard.dat,,,
valhallacalling,Valhalla Calling,Jonathan Young,song.ogg,152.0,Easy.dat,Normal.dat,Hard.dat,,
valhallacallingduetver,Valhalla Calling (Duet Ver.),Miracle of Sound,song.ogg,76.0,Easy.dat,,,,
vampire,Vampire,Saint Agnes,song.ogg,156,,,,ExpertStandard.dat,
vegetasongsaymyname,VEGETA SONG - Say My Name,Divide Music,song.ogg,165.0,Easy.dat,Normal.dat,,,
venten,VENTEN,Akatsuki Records,VENTEN.ogg,175,,,,,ExpertPlusStandard.dat
venusofvenus,Venus of Venus,Powerwolf,song.ogg,164,,,,,ExpertPlusStandard.dat
vicarious,Vicarious,Tool,song.ogg,117.0,Easy.dat,,,,
vicegrip,Vice Grip,Parkway Drive,song.ogg,124.0,Easy.dat,Normal.dat,,,
victoryroad,Victory Road,Go Ichinose,song.ogg,133.5,Easy.dat,,,,
villainvirusftcamellia,Villain Virus (ft. Camellia),Kobaryo,song.ogg,520.0,Easy.dat,,,,
viral,Viral,Amaranthe,song.ogg,105.0,Easy.dat,Normal.dat,Hard.dat,,
vocallovers,[東方vocal] LOVERS,ACTRock/暁Records,song.ogg,172.0,Easy.dat,,,,
vodka,Vodka,Korpiklaani,vodka.ogg,180,,,,ExpertStandard.dat,ExpertPlusStandard.dat
voodoopeoplependulummix,Voodoo People (Pendulum Mix),The Prodigy,song.ogg,87.0,Easy.dat,,,,
vulgarismagistralis,Vulgaris Magistralis,Heidevolk,vulgaris magistralis.ogg,123.25,Easy.dat,Normal.dat,,,
waitforyou,Wait For You,Atreyu,song.ogg,132.0,Easy.dat,,,,
wakemeupbeforeyougofishing,Wake Me Up Before You Go Fishing,TripleQ,song.ogg,93.0,Easy.dat,,,,
wakingthedemon,Waking The Demon,Bullet For My Valentine,song.ogg,128.0,Easy.dat,Normal.dat,,,
walk,WALK,Saint Chaos feat. Sam Tinnesz,song.ogg,122.0,Easy.dat,,,,
wanderer,Wanderer,Ensiferum,song.ogg,208.0,Easy.dat,,,,
war,War,Black Stone Cherry,song.ogg,110,EasyStandard.dat,,,,
warriorsoftheworldunited,Warriors of the World United,Feuerschwanz,song.ogg,86.0,Easy.dat,,,,
wearejapanesegoblin,WE ARE JAPANESE GOBLIN,Tenkomori,song.ogg,180.0,Easy.dat,Normal.dat,,,
wearenumberone,We are number one,"Stefán Karl Stefánsson, Máni Svavarsson",song.ogg,162.0,Easy.dat,Normal.dat,,,
wedonttalkaboutbruno,We don't talk about Bruno,Encanto (Disney),song.ogg,103.0,Easy.dat,,,,
wedrinkyourblood,We Drink Your Blood,Powerwolf,song.ogg,111.9,Easy.dat,Normal.dat,,,
wegotthemoves,WE GOT THE MOVES,Eskimo Callboy,song.ogg,150.0,Easy.dat,Normal.dat,,,
weknowtheway,We know the way,Moana (Disney),song.ogg,98.0,Easy.dat,,,,
welcomehome,Welcome Home,Coheed and Cambria,song.ogg,154.0,Easy.dat,,,,
welcometotheblackparade,Welcome To The Black Parade,My Chemical Romance,song.ogg,150.0,Easy.dat,Normal.dat,Hard.dat,,
welcometotheinternetalastorsver,Welcome to the Internet (Alastor's Ver),Bo Burnham,song.ogg,125,,,,ExpertStandard.dat,ExpertPlusStandard.dat
wellerman,Wellerman,The Wellermen,song.ogg,96,,,,ExpertStandard.dat,ExpertPlusStandard.dat
wewillrockyou,We Will Rock You,Queen,song.ogg,120.0,Easy.dat,,,,
whalinrumbo,Whalin' Rumbo,The Dread Crew Of Oddwood,song.ogg,120.0,Easy.dat,,,,
whatitistoburn,What It Is to Burn,Finch,song.ogg,150,,,HardStandard.dat,ExpertStandard.dat,
whatsername,Whatsername,Green Day,song.ogg,120.0,Easy.dat,,,,
whatsnewscoobydoo,What's New Scooby-Doo?,Simple Plan,song.ogg,158.0,Easy.dat,,,,
whatsthismetalcover,What's this (metal cover),Nightmare before Chrismas,song.ogg,160.0,Easy.dat,,,,
whatwentdown,What Went Down,Foals,song.ogg,74.0,Easy.dat,,,,
whenyouwishuponastar,When You Wish Upon a Star,D-Metal Star,song.ogg,118,Easy.dat,,,,
whitewashed,White Washed,August Burns Red,song.ogg,122.0,Easy.dat,,,,
whydyouonlycallmewhenyourehigh,Why'd You Only Call Me When You're High,Arctic Monkeys,song.ogg,92.0,Easy.dat,,,,
wickedwild,Wicked & Wild,Remzcore,song.ogg,98.0,Easy.dat,,,,
wikingerblut,Wikingerblut,Feuerschwanz,Wikingerblut.ogg,132,,NormalStandard.dat,,,
wingsoflight,Wings of light,Battle Beast,song.ogg,164.0,Easy.dat,,,,
winningthesoul,Winning the Soul,Umamusume,song.ogg,190.0,Easy.dat,Normal.dat,,,
wintersaga,Wintersaga,Wind Rose,song.ogg,115.0,Easy.dat,Normal.dat,,,
wishmaster,Wishmaster,Nightwish,song.ogg,174.02200317382812,,,,ExpertStandard.dat,
wizardsinwinter,Wizards in Winter,Trans-Siberian Orchestra,song.ogg,148,,NormalStandard.dat,,ExpertStandard.dat,ExpertPlusStandard.dat
wolfinsheepsclothing,Wolf in Sheep's Clothing,Kmac2021,song.ogg,97.5,Easy.dat,,,,
wontstanddown,WON'T STAND DOWN,Muse,song.ogg,105.0,Easy.dat,,,,
wosinddieclowns,Wo sind die Clowns?,Saltatio Mortis,song.ogg,96,Easy.dat,,,,
xenobladechroniclesmedley,Xenoblade Chronicles Medley,ACE (TOMOri Kudo/CHiCO),song.ogg,157.75,Easy.dat,,,,
yamantaucannibals,Yamantau Cannibals ,Alexey Omelchuk,song.ogg,190.0,Easy.dat,,,,
yarilo,Yarilo,Arkona,song.ogg,150.0,Easy.dat,,,,
yggdrasil,Yggdrasil,Brothers of Metal,song.ogg,87,Easy.dat,,,,
yobanashideceive,Yobanashi Deceive,Jin,yobanashi.ogg,130,,,,,ExpertPlusStandard.dat
youandi,YouAndI,LadyGaga,song.ogg,127,,NormalStandard.dat,,,
yourboyfrienddoesntscareme,Your Boyfriend Doesn't Scare Me,The Gentle Men,song.ogg,135.0,Easy.dat,,,,
youregonnagofarkid,"You're Gonna Go Far, Kid",The Offspring,far.ogg,126.11000061035156,,,,ExpertStandard.dat,ExpertPlusStandard.dat
yournewmorningalarm,YOUR NEW MORNING ALARM  ,Marc Rebillet,song.ogg,139.9,Easy.dat,,,,
yourturntoroll,Your Turn To Roll,Critical Role,song.ogg,345.0,Easy.dat,,,,
yousuffer,You Suffer,Napalm Death,suffer.ogg,220,EasyStandard.dat,,HardStandard.dat,,ExpertPlusStandard.dat
youwontbemissed,You Won't Be Missed,Like Moths To Flames,missed.ogg,121,,,,,ExpertPlusStandard.dat
yumewokakeru,Yume Wo Kakeru,Umamusume,song.ogg,195.0,Easy.dat,,,,
yunagirinne,Yunagi Rinne,Drop,song.ogg,154.0,Easy.dat,,,,
yuveyuveyu,Yuve Yuve Yu,The Hu,song.ogg,132,,,,ExpertStandard.dat,
yyz,YYZ,Rush,song.ogg,142,,,,,ExpertPlusStandard.dat
zittiebuoni,Zitti E Buoni,Maneskin,song.ogg,103,,,,,ExpertPlusStandard.dat
